Codice Categoria/Nodo;Codice Categoria/Nodo Padre;Nome Categoria/Nodo Italiana;Nome Categoria/Nodo Inglese;Descrizione Categoria/Nodo Italiana;Descrizione Categoria/Nodo Inglese
1290;2;CUCINE FRIGORIFERI/SANITARI IDRAULICA/RACCORDERIA POMPE;STOVES REFRIGERATORS/TOILETS PLUMBING/FITTINGS PUMPS;Categoria_4;
1325;1290;LAVELLI / CUCINE;SINKS / STOVES;;
1326;1325;LAVELLI;SINKS;;
1347;1325;PIANI DI COTTURA CON LAVELLO;STOVES WITH SINK;;
1353;1325;FORNELLI A GAS AD INCASSO CON COPERCHIO;BUILT-IN GAS STOVES WITH COVER;;
19711;1325;FORNELLI A GAS AD INCASSO;BUILT-IN GAS STOVES;;
1362;1325;FORNELLI AD APPOGGIO E PORTATILI;TABLETOP AND PORTABLE STOVES;;
1378;1325;PIANI DI COTTURA ELETTRICI;ELECTRIC HOTPLATES;;
1381;1325;CUCINE A GAS;RANGE OVENS;;
1390;1290;FRIGORIFERI;REFRIGERATORS;;
1391;1390;GHIACCIAIE PORTATILI;PORTABLE ICE CHESTS;;
1404;1390;FRIGORIFERI A POZZETTO CON COMPRESSORE 12/24V;TOP LOADING REFRIGERATORS  WITH 12/24V COMPRESSOR;;
1414;1390;FRIGORIFERI CON COMPRESSORE 12/24V;REFRIGERATORS WITH 12/24V COMPRESSOR;;
1421;1390;GRUPPI PER CELLE FRIGO;REFRIGERATION UNIT SYSTEMS;;
1434;1290;WC - TOILETS;TOILETS;;
1435;1434;TOILETS MANUALI;MANUAL TOILETS;;
1463;1434;ACCESSORI E RICAMBI PER WC;TOILET ACCESSORIES AND SPARE PARTS;;
1452;1434;TOILETS ELETTRICHE;ELECTRIC TOILETS;;
16154;1434;TOILETS ELETTRICHE SILENT;ELECTRIC VACUUM TOILETS;;
1488;1434;TOILETS PORTATILI PORTA POTTI;PORTA POTTI PORTABLE HEADS;;
1497;1290;CLIMA / BOILERS;CLIMA / BOILERS;;
1498;1497;CLIMATIZZATORI;MARINE AIR CONDITIONING;;
1517;1497;SCALDA ACQUA - NAUTIC BOILERS;MARINE WATER HEATERS;;
1526;1290;RUBINETTERIA;TAPS AND FITTINGS;;
1527;1526;RUBINETTI ;FAUCETS;;
1533;1526;MISCELATORI;MIXER FAUCETS;;
1553;1526;DOCCETTE;SHOWER HEADS;;
1564;1526;DOCCETTE INCASSATE A SCOMPARSA;RETRACTABLE RECESSED SHOWERS;;
1575;1290;SERBATOI ACQUA;FRESHWATER TANKS;;
1581;1575;RICAMBI E ACCESSORI PER SERBATOI;TANKS' SPARES AND ACCESSORIES;;
1586;1575;SERBATOI IN PLASTICA PER ACQUA POTABILE;POLYETHYLENE FRESH WATER TANKS;;
1591;1575;SERBATOI FLESSIBILI PER ACQUA;FLEXIBLE WATER TANKS;;
1595;1290;FILTRI;FILTERS;;
1596;1595;FILTRI ACQUA SANITARIA;SANITARY WATER FILTERS;;
1600;1595;FILTRI ANTI-INQUINAMENTO;POLLUTION-FREE FILTERS;;
1604;1595;FILTRI ACQUA MARE;SEA WATER STRAINERS;;
1611;1290;RACCORDI E TUBI;FITTINGS AND HOSES;;
1619;1611;RACCORDERIA IN OTTONE;BRASS PIPE FITTINGS;;
1637;1611;RACCORDERIA IN ACCIAIO INOX;STAINLESS STEEL PIPE FITTINGS;;
1652;1611;TUBI ACQUA CARBURANTE E SCARICO;WATER FUEL AND EXHAUST HOSES;;
1664;1611;FASCETTE STRINGITUBO INOX 316;316 STAINLESS STEEL HOSE CLAMPS;;
1672;1611;PRESE DI SENTINA/SUCCHIAROLE;PLASTIC VALVES AND BILGE STRAINERS;;
19439;1611;VALVOLE;VALVES;;
1695;1611;SCARICHI A MARE TAPPI E OMBRINALI;MUSHROOM HEADS AND DRAIN PLUGS;Passascafo telescopico ;Passascafo telescopico 
1726;1290;POMPE;PUMPS;;
1727;1726;POMPE MANUALI DI SENTINA E SESSOLE;BILGE MANUAL PUMPS AND BAILERS;;
1742;1726;POMPE MANUALI ESTRAZIONE OLIO MOTORE;OIL CHANGE MANUAL PUMPS;;
1749;1726;POMPE DI SENTINA SOMMERGIBILI;SUBMERSIBLE BILGE PUMPS;;
1759;1726;ACCESSORI PER POMPE DI SENTINA SOMMERGIBILI;SUBMERSIBLE BILGE PUMPS' ACCESSORIES;;
1773;1726;OSSIGENATORI  PER VASCHE DEL PESCATO;LIVE WELL AERATING PUMPS;;
1777;1726;POMPE AUTOADESCANTI A GIRANTE;IMPELLER SELF-PRIMING PUMPS;;
1788;1726;POMPE DI GRANDE PORTATA;HIGH-CAPACITY CENTRIFUGAL PUMPS;;
1793;1726;POMPE PER TRAVASO OLIO E GASOLIO;DIESEL AND OIL TRANSFER PUMPS;;
1798;1726;POMPE AUTOCLAVI PER SERVIZI;FRESHWATER SYSTEMS;;
1814;1726;POMPE AUTOCLAVI CON SERBATOIO DI ESPANSIONE;FRESHWATER PRESSURE SYSTEMS WITH ACCUMULATOR TANK;;
1821;1726;POMPE MECCANICHE A TRASCINAMENTO CON PULEGGIA (GIRANTE IN BRONZO);MECHANICAL PULLEY PUMPS (BRONZE IMPELLER);;
1825;1726;POMPE MECCANICHE A TRASCINAMENTO CON PULEGGIA (GIRANTE IN NITRILE);MECHANICAL PULLEY PUMPS (NITRILE IMPELLER);;
1829;1726;POMPE JOHNSON PER RAFFREDDAMENTO MOTORI;JOHNSON ENGINE COOLING PUMPS;;
1840;1726;POMPE ANCOR PER RAFFREDDAMENTO MOTORI;ANCOR ENGINE COOLING PUMPS;;
1862;1726;GIRANTI IN NEOPRENE PER MOTORI FUORIBORDO;NEOPRENE IMPELLERS FOR OUTBOARDS;;
1872;1726;GIRANTI IN NEOPRENE PER GRUPPI POPPIERI;NEOPRENE IMPELLERS FOR STERN DRIVES;;
1875;1726;GIRANTI IN NEOPRENE PER MOTORI ENTROBORDO;NEOPRENE IMPELLERS FOR INBOARD ENGINES;;
1901;1726;GIRANTI STANDARD;STANDARD IMPELLERS;;
1941;1726;ACCESSORI E KIT PER POMPE DI RAFFREDDAMENTO MOTORI;PAPER GASKETS FOR ENGINE COOLING PUMPS;;
1950;2;TERGIVETRO TROMBE/ELETTRICA ENERGIA/FANALI LUCI;WIPERS HORNS/ENERGY ELECTRICAL/NAVIGATION LIGHTS;Categoria_5;
1951;1950;TERGICRISTALLI;WINDSHIELD WIPERS;;
1952;1951;TERGICRISTALLI PER PICCOLE IMBARCAZIONI;WINDSHIELD WIPERS FOR SMALL BOATS;;
1958;1951;TERGICRISTALLI PER GRANDI IMBARCAZIONI;WINDSHIELD WIPERS FOR LARGE BOATS;;
1965;1951;ACCESSORI PER TERGICRISTALLI;WINDSHIELD WIPERS ACCESSORIES;;
1977;1950;SEGNALAZIONE;SIGNALLING;;
1978;1977;TROMBE ELETTRICHE COMPATTE;COMPACT ELECTRIC HORNS;;
1990;1977;TROMBE ELETTRICHE CON CORNETTO;ELECTRIC TRUMPET HORNS;;
1996;1977;TROMBE A COMPRESSORE;ELECTRIC AIR HORNS;;
2002;1977;TROMBE A COMPRESSORE R.I.Na.;R.I.Na. APPROVED SIGNALLING TRUMPET HORNS;;
2010;1977;AVVISATORI A FISCHIO E SIRENE;SIGNALLING WHISTLE AND SIRENS;;
2014;1977;TROMBE GAS / FISCHI / CORNI / MEGAFONI;GAS HORNS / WHISTLES / TRUMPETS / MEGAPHONES;;
2019;1977;CAMPANE;SHIP BELLS AND GONGS;;
2047;1950;ENERGIA;ENERGY;;
2065;2047;PANNELLI SOLARI;SOLAR PANELS;;
2078;2047;CARICABATTERIE;BATTERY CHARGERS;;
2087;2047;INVERTERS DA 12V-24V A 220V;12V-24V/220V INVERTERS;;
2090;2047;RIPARTITORI DI CARICA E RIDUTTORI DI TENSIONE;BATTERY SEPARATORS AND CONVERTERS;;
2093;2047;ACCESSORI PER BATTERIE;ACCESSORIES FOR BATTERIES;;
2104;1950;STACCABATTERIE E CHIAVI;BATTERY AND IGNITION SWITCHES;;
2105;2104;STACCABATTERIE;BATTERY SWITCHES;;
2116;2104;DEVIATORI STACCABATTERIE;BATTERY SELECTOR SWITCHES;;
2151;2104;CHIAVI AVVIAMENTO;IGNITION SWITCHES;;
2196;1950;PANNELLI ELETTRICI;SWITCH PANELS;;
2227;2196;INTERRUTTORI A PANNELLO E TESTER;SWITCH PANELS AND TESTERS;;
2251;2196;PANNELLI ELETTRICI TOGGLE/BUTTON;TOGGLE/BUTTON SWITCH PANELS;;
2273;1950;CAVI ELETTRICI E ACCESSORI;ELECTRIC CABLES AND ACCESSORIES;;
2274;2273;MORSETTIERE DI DERIVAZIONE E BARRE DI CONNESSIONE;RIB INSULATOR CONNECTORS AND BUSBARS;;
2325;1950;FANALI DI NAVIGAZIONE;NAVIGATION LIGHTS;;
2326;2325;FANALI DI TESTA D'ALBERO;MASTHEAD LIGHTS;;
2331;2325;FANALI SU ASTA;POLE LIGHTS;;
2370;2325;FANALI DI NAVIGAZIONE PER BARCHE FINO A 12 METRI;NAVIGATION LIGHTS FOR BOATS UP TO 12 METERS;;
2420;2325;FANALI DI NAVIGAZIONE PER BARCHE FINO A 20 METRI;NAVIGATION LIGHTS FOR BOATS UP TO 20 METERS;;
2448;2325;FANALI DI NAVIGAZIONE DHR;DHR NAVIGATION LIGHTS;;
2469;1950;LUCI / TORCE E FARI;LIGHTS / TORCHES AND SPOTLIGHTS;;
2470;2469;LUCI DI UTILITA';WORK AND UTILITY LIGHTS;;
2487;2469;TORCE A BATTERIA IMPERMEABILI E SUB;WATERPROOF AND SUBMERSIBLE TORCHES;;
2499;2469;PROIETTORI E LUCI PORTATILI 12V;HAND 12V LIGHTS AND SPOTLIGHTS;;
2506;2469;PROIETTORI E LUCI PORTATILI RICARICABILI;RECHARGEABLE HAND SPOTLIGHTS;;
2516;2469;FARI ORIENTABILI A MANO;HAND-OPERATED SEARCHLIGHTS;;
2521;2469;FARI ORIENTABILI A DISTANZA;REMOTE CONTROL SPOTLIGHTS;;
2535;2469;FARI PROFESSIONALI DHR;DHR PROFESSIONAL LEVER CONTROL SEARCHLIGHTS;;
2539;2469;FARI DA CROCETTA E DA COPERTA;SPREADER AND DOCKING LIGHTS;;
2551;1950;ILLUMINAZIONE LED LINE;LED LINE LIGHTS;;
2592;2551;SPOT E APLIQUES;SPOT E APPLIQUES LIGHTS;;
2604;2551;LUCI DA CARTEGGIO E LETTURA;CHART AND READING LED LIGHTS;;
2680;2659;TARTARUGHE E APLIQUES IN OTTONE;BULKHEAD AND WALL BRASS LAMPS;;
2676;2659;LAMPADE IN OTTONE;BRASS LAMPS;;
2698;2;STRUMENTAZIONE/BUSSOLE BINOCOLI/ANTENNE ELETTRONICA;GAUGES/COMPASSES BINOCULARS/ANTENNAS ELECTRONICS;Categoria 6;
2699;2698;STRUMENTAZIONE METEO;WEATHER INSTRUMENTS;;
2700;2699;BAROMETRI E OROLOGI DI BORDO CLASSE;CLASS CLOCKS AND BAROMETERS;;
2712;2699;BAROMETRI E OROLOGI DI BORDO COMPATTI;COMPACT CLOCKS AND BAROMETERS;;
2756;2698;METEO PORTATILE E SEGNAVENTO;WEATHER POCKET AND WIND INDICATORS;;
2757;2756;INCLINOMETRI E SEGNAVENTO;CLINOMETERS AND WIND INDICATORS;;
2771;2698;CARTEGGIO;PLOTTING;;
2772;2771;STRUMENTI PER CARTEGGIO NAUTICO;PLOTTING TOOLS;;
2791;2698;BUSSOLE;COMPASSES;;
2792;2791;BUSSOLE TASCABILI E DA RILEVAMENTO;HAND BEARING AND POCKET COMPASSES;;
2805;2791;BUSSOLE PER IMBARCAZIONI DA 5 A 8 METRI;COMPASSES FOR BOATS FROM 5 TO 8 METERS;;
2818;2791;BUSSOLE PER IMBARCAZIONI DA 6 A 12 METRI;COMPASSES FOR BOATS FROM 6 TO 12 METERS;;
2834;2791;BUSSOLE PER IMBARCAZIONI DA 10 A 35 METRI;COMPASSES FOR BOATS FROM 10 TO 35 METERS;;
2853;2791;BUSSOLE PER BARCHE A VELA;COMPASSES FOR SAILING BOATS;;
2865;2698;BINOCOLI VISORI E SESTANTI;BINOCULARS VIEWERS AND SEXTANTS;;
2866;2865;BINOCOLI SAIL E SESTANTI;MARINE BINOCULARS AND SEXTANTS;;
2887;2698;STRUMENTAZIONE CONTROLLO MOTORE;ENGINE GAUGES;;
2952;2887;ALTRI SENSORI E ACCESSORI PER STRUMENTAZIONE;OTHER SENSORS AND ACCESSORIES FOR GAUGES;;
12610;2887;SENSORI DI LIVELLO;LEVEL SENDERS AND SENSORS;;
2966;2698;STRUMENTAZIONE DI BORDO;MARINE INSTRUMENTS;;
3155;2698;RADAR GPS E SEGNALATORI;RADARS GPS AND SAFETY DEVICES;;
3044;3155;GPS PALMARI E DA POLSO GARMIN;GARMIN HAND HELD AND WATCH GPS;;
3065;2698;ANTENNE;ANTENNAS;;
3082;3065;ANTENNE VHF GLOMEX PER BARCHE A MOTORE;GLOMEX VHF ANTENNAS FOR MOTORBOATS;;
3098;3065;ACCESSORI E BASI PER ANTENNE;ANTENNAS BASES AND ACCESSORIES;;
3159;2;SICUREZZA SPORT/ABBIGLIAMENTO/BATTELLI ALAGGIO;SAFETY SPORT/CLOTHING/HAULAGE TENDERS;Categoria_7;
3160;3159;DOTAZIONI DI SICUREZZA;SAFETY EQUIPMENT;;
3161;3160;SEGNALI DI LONTANANZA;RADAR REFLECTORS AND SIGNALS;;
3173;3160;SEGNALI DI SOCCORSO SOLAS 74 / IMO 83 DM 387-29/9/99;SOLAS 74 / IMO 83 DISTRESS SIGNALS;;
3183;3160;ESTINTORI ;FIRE EXTINGUISHERS;;
3190;3160;CASSETTE DI PRONTO SOCCORSO;FIRST AID KITS;;
3194;3160;BORSE CON DOTAZIONI DI SICUREZZA;SAFETY EQUIPMENT BAGS;;
3197;3160;ZATTERE DI SALVATAGGIO;LIFERAFTS;;
3211;3160;SALVAGENTI;RING BUOYS;;
3220;3160;ACCESSORI PER SALVAGENTI;RING BUOYS ACCESSORIES;;
3233;3160;CINTURE DI SALVATAGGIO;LIFE VESTS;;
3238;3160;GIUBBETTI DI SALVATAGGIO;LIFEJACKETS;;
3243;3160;CINTURE DI SALVATAGGIO AUTOGONFIABILI SECUMAR;SECUMAR INFLATABLE LIFEJACKETS;;
3255;3160;CINTURE DI SICUREZZA / BANZIGHI / SALVATAGGIO;SAFETY HARNESS / BOSUN'S CHAIR / RESCUE;;
3263;3159;ACQUA SPORT;WATER SPORTS;;
3264;3263;GIUBBETTI PER SPORT E SCI NAUTICO;SPORT AND WATERSKI JACKETS;;
3271;3263;SCI NAUTICO E ACCESSORI;WATER SKI AND ACCESSORIES;;
3300;3263;SKI TUBES E WATER FUN;SKI TUBES AND ACCESSORIES;;
3322;3159;BATTELLI PNEUMATICI;INFLATABLE BOATS;;
3333;3322;CASSAPANCHE E PLANCE PER BATTELLI GONFIABILI;TENDER BAGS BENCHES AND CONSOLES;;
3337;3322;GONFIATORI;INFLATION PUMPS;;
3355;3322;ACCESSORI E RICAMBI PER BATTELLI PNEUMATICI;ACCESSORIES AND SPARE PARTS FOR INFLATABLES;;
3384;3159;ALAGGIO;HAULAGE;;
3385;3384;CARRELLI ALAGGIO IMBARCAZIONI;BOAT HAULAGE WHEELS;;
3393;3384;CAVALLETTI PORTAMOTORE;OUTBOARD CARRIERS;;
3399;3384;RUOTE E RULLI PER ALAGGIO;SPARE HAULAGE WHEELS;;
3408;3384;VERRICELLI PER CARRELLI;TRAILER WINCHES;;
3418;3159;ABBIGLIAMENTO E BORSE;CLOTHING AND BAGS;;
3443;3418;SACCHI / CUSTODIE IMPERMEABILI E CONTENITORI STAGNI;WATERPROOF SACKS / BAGS AND WATERTIGHT BOXES;;
3476;3159;COLTELLERIA;CUTLERY;;
3477;3476;COLTELLI DA SUB;DIVING KNIVES;;
3490;3476;SICUREZZA E UTILITY;RESCUE AND UTILITY;;
3498;3476;COLTELLI DA BARCA;YACHTING KNIVES;;
3513;2;VELA FERRAMENTA/CORDAME COPERTURE/BANDIERE RIVESTIMENTI;HARDWARE SAILING/COVERS ROPES/FLAGS COVERINGS;Categoria_8;
3514;3513;FERRAMENTA;HARDWARE;;
3538;3514;GRILLI STAMPATI IN ACCIAIO INOX ;STAINLESS STEEL STAMPED SHACKLES;;
3548;3514;MOSCHETTONI VELA IN ACCIAIO INOX AISI 316;AISI 316 STAINLESS STEEL SAILBOATS SNAP HOOKS;;
3555;3514;MOSCHETTONI WICHARD IN ACCIAIO INOX AISI 316;WICHARD AISI 316 STAINLESS STEEL SNAP HOOKS;;
3579;3513;TENDITORI DRAGLIE PULPITI E SARTIAME;TURNBUCKLES RAILS AMBOS AND RIGGING;;
3580;3579;TENDITORI IN ACCIAIO INOX AISI 316;AISI 316 STAINLESS STEEL TURNBUCKLES;;
3588;3579;TERMINALI E LANDE IN ACCIAIO INOX AISI 316;AISI 316 STAINLESS STEEL TERMINALS AND LINK TANGS;;
3623;3579;PROTEZIONI E DIFESE PER DRAGLIE E SARTIAME;LIFELINE AND RIGGING PROTECTIONS;;
3643;3513;BOZZELLI;BLOCKS;;
3742;3513;ATTREZZATURA DA PONTE;DECK HARDWARE;;
3743;3742;SISTEMI DI RINVIO E RULLIERE;CHEEK BLOCKS AND LEADS;;
3759;3742;WINCH ANTAL;ANTAL WINCHES;;
3764;3742;MANOVELLE DA WINCH;WINCH HANDLES;;
3783;3742;CARRELLI E ROTAIE HS;HS CARS AND TRACKS;;
3807;3742;STROZZASCOTTE;CAM CLEATS;;
3813;3742;STOPPERS;LINE STOPPERS;;
3826;3513;CORDAME;ROPES;;
3840;3826;SCOTTE E DRIZZE MTM;MTM SHEETS AND HALYARDS;;
3871;3513;TAGLIO CORDAME IMPIOMBATURE E RIPARAZIONI VELE;ROPES CUTTING SPLICING AND SAIL REPAIRS;;
3872;3871;TAGLIO CORDAME;ROPES CUTTING;;
18414;3871;IMPIOMBATURE;SPLICING;;
3912;3513;ELASTICI E CINGHIE;SHOCK CORDS AND BELTS;;
3913;3912;CORDE ELASTICHE E GANCI;SHOCK CORDS AND HOOKS;;
3930;3912;CINGHIE A METRO E CINGHIE CARGO;BELTS AND TIE-DOWN STRAPS;;
3946;3513;COPERTURE TELI E BOTTONI;COVERS TOPS AND PRESS FASTENERS;;
3947;3946;BOTTONI GIREVOLI;TURN CLASPS;;
3952;3946;BOTTONI AUTOMATICI LOXX - TENAX;LOXX - TENAX AUTOMATIC LIFT OFF BUTTONS;;
13743;3946;COPERTURE PER IMBARCAZIONI;BOAT COVERS;;
3969;3946;SOTTOVITI OCCHIELLI E BOTTONI A PRESSIONE;FINISHING WASHERS EYELETS AND SNAP FASTENERS;;
3993;3946;CHIUSURE ZIP E VELCRO;VELCRO TAPES AND ZIPPERS;;
4011;3513;CAPOTTINE TENDALINI E ACCESSORI;BIMINI TOPS;;
4012;4011;ELEMENTI INOX AISI 316 PER CAPOTTINE;AISI 316 STAINLESS STEEL BIMINI TOP HARDWARE;;
4028;4011;ELEMENTI IN PLASTICA PER CAPOTTINE;PLASTIC BIMINI TOP HARDWARE;;
4038;4011;CAPOTTINE TENDALINI TESSILMARE TOP QUALITY;TESSILMARE EXTRA QUALITY SUN-WATER BIMINI TOPS;;
4045;4011;CAPOTTINE TENDALINI ECO-TOP;ECO-TOP SUN-WATER BIMINI TOPS;;
4054;3513;BANDIERE E CODICI;FLAGS AND CODES;;
4055;4054;BANDIERE GRAN PAVESE;FLAGS SETS;;
4059;4054;BANDIERE SEGNALAZIONE CODICE INTERNAZIONALE;INTERNATIONAL CODE OF SIGNALS;;
4100;4054;BANDIERE DI NAVIGAZIONE UNIONE EUROPEA;E.U. COUNTRIES NATIONAL AND MERCHANT NAVY FLAGS;;
4116;4054;BANDIERE DI NAVIGAZIONE EXTRA U.E.;EXTRA E.U. NAVY FLAGS;;
4126;4054;BANDIERE UNIONE EUROPEA NAZIONALI;NATIONAL EUROPEAN UNION FLAGS;;
4142;4054;SEGNALI E CODICI ADESIVI;FLAGS AND SIGNALS STICKERS;;
4150;4054;TABELLE ADESIVE;SELF-ADHESIVE STICKERS;;
4162;3513;RIVESTIMENTI;COVERINGS;;
4202;4162;RIVESTIMENTI E STRISCE ANTISCIVOLO;ANTISLIP STRIPS AND ROLLS;;
4209;4162;RIVESTIMENTI ISOLANTI PER MOTORI E SALA MACCHINE;INSULATING COATINGS FOR ENGINE ROOMS;;
4221;2;RICAMBI MOTORE/ELICHE ANODI/SERBATOI FILTRI;ENGINE SPARES/ANODES PROPELLERS/FILTERS FUEL TANKS;Categoria_9;
4222;4221;SISTEMI DI SCARICO E REFRIGERANTI;EXHAUST SYSTEMS AND COOLERS;;
4234;4222;SISTEMI DI SCARICO MOTORE MTM;MTM ENGINE EXHAUST SYSTEMS;;
4243;4222;TUBI DI SCARICO E FASCETTE;EXHAUST HOSES AND CLAMPS;;
4248;4222;SISTEMI DI SCARICO MOTORE VETUS;VETUS ENGINE EXHAUST SYSTEMS;;
19768;4222;RACCORDI E ANTISIFONI IN PLASTICA;PLASTIC FITTINGS AND VENTED LOOPS;;
4294;4222;SCAMBIATORI DI CALORE E REFRIGERANTI OLIO BOWMAN;BOWMAN HEAT EXCHANGERS AND OIL COOLERS;;
4311;4222;SCAMBIATORI DI CALORE BOWMAN;EXHAUST MANIFOLDS / HEAT EXCHANGERS;;
4343;4222;COLLETTORI DI SCARICO PER MOTORI VOLVO;VOLVO ENGINES EXHAUST MANIFOLDS;;
4364;4221;SUPPORTI / PARASTRAPPI / TRASMISSIONI;FLEXIBLE MOUNTS AND COUPLINGS / DRIVE TRANSMISSIONS;;
4365;4364;PARASTRAPPI MOTORE;DAMPER PLATES;;
4385;4364;INVERTITORI TWIN DISC / TECHNODRIVE;TWIN DISC / TECHNODRIVE GEARBOXES;;
4428;4364;GIUNTI ELASTICI PARASTRAPPI;FLEXIBLE DAMPER COUPLINGS;;
4434;4364;GIUNTI DI ACCOPPIAMENTO ELASTICI PER ASSI PORTA ELICA;PROPELLER SHAFT COUPLINGS;;
4441;4364;GIUNTI DI ACCOPPIAMENTO RIGIDI PER ASSI PORTA ELICA;PROPELLER SHAFT RIGID COUPLINGS;;
4448;4364;TESTE POPPIERE E SUPPORTI PER ASSI PORTA ELICA;PROPELLER SHAFT STERN BOXES;;
4458;4364;STUFFY BOX - PROPELLER SHAFT SEALING KIT;STUFFY BOX - PROPELLER SHAFT SEALING KIT;;
4461;4364;ASSI PORTA ELICA E ACCESSORI;PROPELLER SHAFTS AND ACCESSORIES;;
4471;4364;BOCCOLE IDROLUB A CANALI ASSIALI PER ASSI PORTA ELICA;LINED CHANNELS WATERLUB PROP SHAFT BEARINGS;;
4477;4364;BOCCOLE IDROLUB A CANALI EVOLVENTI PER ASSI PORTA ELICA;INVOLUTE CHANNELS WATERLUB PROP SHAFT BEARINGS;;
4482;4221;ELICHE;PROPELLERS;;
4490;4482;ELICHE PER BARCHE A VELA;PROPELLERS FOR SAIL BOATS;;
4562;4221;ANODI;ANODES;;
4565;4562;ANODI A FLANGIA E IN BARRE;BAR AND FLANGE ANODES;;
4576;4562;ANODI A PIASTRA E A SALDARE PER CARENE;PLATE HULL ANODES;;
4601;4562;ANODI A COLLARE E OGIVE;PROPELLER COLLAR AND OGIVE ANODES;;
4614;4562;ANODI BARROTTI PER MOTORI MARINI;ENGINE PENCIL ANODES;;
4646;4562;ANODI PER MOTORI YANMAR;YANMAR ENGINE ANODES;;
4654;4562;ANODI PER MOTORI VOLVO PENTA;VOLVO PENTA ENGINE ANODES;;
4674;4562;ANODI PER MOTORI OMC;OMC ENGINE ANODES;;
4683;4562;ANODI PER MOTORI MERCRUISER;MERCRUISER ENGINE ANODES;;
4699;4562;ANODI PER MOTORI MERCURY;MERCURY ENGINE ANODES;;
4718;4562;ANODI PER MOTORI TOHATSU;TOHATSU ENGINE ANODES;;
4727;4562;ANODI PER MOTORI YAMAHA;YAMAHA ENGINE ANODES;;
4745;4562;ANODI PER MOTORI HONDA;HONDA ENGINE ANODES;;
4752;4562;ANODI PER MOTORI JOHNSON / EVINRUDE;JOHNSON / EVINRUDE ENGINE ANODES;;
4765;4562;ANODI PER MOTORI SUZUKI;SUZUKI ENGINE ANODES;;
4778;4221;CANDELE;SPARK PLUGS;;
4779;4778;TABELLA DI COMPARAZIONE MOTOMARINE > OEM;OEM > MOTOMARINE CROSS REFERENCE CHART;;
4785;4778;CANDELE PER MOTORI FUORIBORDO;OUTBOARD SPARK PLUGS;;
4793;4778;CANDELE PER MOTORI ENTROBORDO;INBOARD SPARK PLUGS;;
4799;4778;CANDELE PER JET-SKI E GEN-SET;JET-SKI AND GEN-SETS SPARK PLUGS;;
4808;4221;ACCESSORI PER MOTORI FUORIBORDO E PIEDI;OUTBOARDS AND STERN DRIVES ACCESSORIES;;
4817;4808;CHIAVETTE E INTERRUTTORI DI SICUREZZA;KILL AND CUT-OFF SWITCH KEYS;;
4832;4808;CUFFIE CAVALLETTI E TUBI PASSAPARATIA;THRU-BULKHEAD TUBES MOTORWELL BOOTS AND JACK PODS ;;
4844;4808;PROTEZIONI DI POPPA E ANTIFURTO;THEFT PROTECTION AND TRANSOM PADS;;
4850;4221;SERBATOI CARBURANTE;FUEL TANKS;;
4929;4850;SERBATOI CARBURANTE IN PLASTICA;PLASTIC FUEL TANKS;;
4868;4850;LINEE CARBURANTE PER MOTORI FUORIBORDO;OUTBOARD ENGINE FUEL LINES;;
4903;4850;ATTACCHI RAPIDI EXPORT PER MOTORI FUORIBORDO;EXPORT OUTBOARD RAPID FUEL LINE CONNECTORS;;
4920;4850;ATTACCHI RAPIDI HI-LINE PER MOTORI FUORIBORDO;HIGH-LINE ﻿﻿OUTBOARD RAPID FUEL LINE CONNECTORS;;
4936;4850;SERBATOI CARBURANTE IN ACCIAIO INOX;S/STEEL FUEL TANKS;;
4940;4850;ACCESSORI PER SERBATOI;FUEL TANKS ACCESSORIES;;
4955;4221;TAPPI DI COPERTA;DECK FILLS;;
4956;4955;TAPPI DI COPERTA IN ACCIAIO INOX E OTTONE;STAINLESS STEEL AND BRASS DECK FILLS;;
4971;4955;TAPPI DI COPERTA IN PLASTICA;PLASTIC DECK FILLS;;
4976;4221;FILTRI CARBURANTE;FUEL FILTERS;;
4977;4976;FILTRI CARBURANTE IN LINEA;IN LINE FUEL FILTERS;;
4986;4976;FILTRI DECANTATORI BENZINA;GASOLINE SEDIMENT FUEL FILTERS;;
4990;4976;FILTRI SEPARATORI BENZINA;GASOLINE / WATER SEPARATOR FILTERS;;
5019;4976;FILTRI SEPARATORI DIESEL TIPO TURBINE;TURBINE DIESEL / WATER SEPARATOR FILTERS;;
5067;2;TIMONERIE COMANDI/TIMONI FLAPS/BOW THRUSTERS;CONTROLS STEERINGS/FLAPS TILLERS/BOW THRUSTERS;Categoria_10;
5068;5067;FLAPS E TIMONI;FLAPS AND RUDDERS;;
5069;5068;FLAPS TRIM TABS BENNETT;BENNETT TRIM TABS;;
5091;5068;FLAPS ELETTROMECCANICI E AUTOMATICI;ELECTROMECHANICAL AND AUTOMATIC FLAPS;;
5094;5068;IDROALI HYDROFOILS E PIASTRE TROLLING;HYDROFOIL STABILIZERS AND TROLLING PLATES;;
5117;5068;PROLUNGHE PER TIMONI;TILLER EXTENSIONS;;
5132;5067;VOLANTI E RUOTE DI TIMONE;STEERING AND HELMSMANN'S WHEELS;;
5133;5132;RUOTE DI TIMONE;HELMSMANN'S WHEELS;;
5153;5132;VOLANTI IN POLIURETANO E TERMOPLASTICA;POLYURETHANE AND THERMOPLASTIC STEERING WHEELS;;
5170;5132;VOLANTI IN ACCIAIO INOX;STAINLESS STEEL STEERING WHEELS;;
5174;5067;TIMONERIE;STEERING SYSTEMS;;
5186;5174;TIMONERIE MONOCAVO ULTRAFLEX;ULTRAFLEX SINGLE CABLE STEERING SYSTEMS;;
5198;5174;CAVI E ACCESSORI TIMONERIE MONOCAVO ULTRAFLEX;ULTRAFLEX STEERING SYSTEM CABLES AND ACCESSORIES;;
5225;5174;TIMONERIE IDRAULICHE ULTRAFLEX PER FUORIBORDO;ULTRAFLEX HYDRAULIC OUTBOARD STEERING SYSTEMS;;
5233;5174;TIMONERIE IDRAULICHE ULTRAFLEX PER ENTROBORDO;ULTRAFLEX HYDRAULIC INBOARD STEERING SYSTEMS;;
5241;5174;TIMONERIE IDRAULICHE VETUS PER ENTROBORDO;VETUS HYDRAULIC INBOARD STEERING SYSTEMS;;
5269;5067;LEVE CONTROLLO MOTORE;ENGINE CONTROL SYSTEMS;;
5270;5269;LEVE COMANDO A PARATIA;WALL MOUNT LEVER CONTROLS;;
5284;5269;LEVE COMANDO SU PLANCIA;TOP MOUNT LEVER CONTROLS;;
5295;5269;KIT ADATTAMENTO E ATTACCHI CAVO/MOTORE;SAFETY AND CABLE CONNECTION KITS;;
5321;5269;CAVI FLESSIBILI PER COMANDO MOTORE;ENGINE CONTROL FLEXIBLE CABLES;;
5331;5067;ELICHE DI MANOVRA / BOW THRUSTERS;BOW THRUSTERS;;
5332;5331;ELICHE DI MANOVRA - BOW PROPELLERS VETUS;BOW THRUSTERS - BOW PROPELLERS VETUS;;
5349;2;LUBRIFICANTI COLLE/DETERGENTI SPAZZOLE/VERNICI PENNELLI;LUBRICANTS GLUES/DETERGENTS SCRUBS/PAINTS BRUSHES;Categoria_11;
5350;5349;OLII / LUBRIFICANTI / ADDITIVI;OILS / LUBRICANTS / ADDITIVES;;
5351;5350;OLIO QUICKSILVER;QUICKSILVER OIL;;
5363;5350;LUBRIFICANTI / RIATTIVANTI / PULITORI SPRAY;SPRAY PROTECTORS / LUBRICANTS / CLEANERS;;
5376;5350;GRASSI PROTETTIVI;PROTECTIVE GREASE;;
5382;5350;ADDITIVI;ADDITIVES;;
5393;5349;COLLE E SIGILLANTI;GLUES AND SEALANTS;;
5394;5393;GUARNIZIONI SIGILLANTI;SEALING GASKETS;;
5399;5393;NASTRI ADESIVI;ADHESIVE TAPES;;
5411;5393;COLLE E RESINE MARINE;MARINE GLUES AND RESINS;;
13473;5393;SIGILLANTI E RIPARAZIONI PER GONFIABILI;REPAIRS AND SEALANTS FOR INFLATABLES;;
5424;5393;SIGILLANTI E ADESIVI SILICONICI;SILICONE SEALANTS AND ADHESIVES;;
5434;5349;DETERGENTI / LUCIDANTI E PROTETTIVI;DETERGENTS POLISHES AND PROTECTORS ;;
5448;5434;DETERGENTI UNIVERSALI;UNIVERSAL DETERGENTS;;
5469;5434;CREME LUCIDANTI E CERE;POLISHING PASTES AND CREAMS;;
19713;5349;IGIENIZZANTI / DISINFETTANTI / PROTEZIONI DPI;PROTECTION EQUIPMENT AND DISINFECTANTS;;
5489;19713;TRATTANTI WC E ACQUA;WATER AND WC HYGIENE;;
19714;19713;IGIENIZZANTI / DETERGENTI / DISINFETTANTI ;DETERGENTS AND DISINFECTANTS;;
5496;5349;PENNELLI / VERNICI / ABRASIVI;BRUSHES / VARNISHES / ABRASIVES ;;
5500;5496;VERNICI SPRAY;SPRAY VARNISHES;;
5597;2;SERVIZI DA TAVOLA/ARREDO PER INTERNI/OGGETTISTICA;PLATES GLASSES DISHES/GIFTS AND DECOR/HOLDERS;Categoria_12;
5598;5597;OGGETTISTICA E ARREDO;GIFTS AND DECOR;;
5621;5598;OGGETTISTICA;GIFTS;;
5646;5598;FERRAMENTA DA ARREDO;DECOR HARDWARE;;
5664;5598;PORTACHIAVI;KEYRINGS;;
5671;5598;PORTACHIAVI GALLEGGIANTI;FLOATING KEYRINGS;;
5799;3514;GOLFARE E PONTICELLI IN ACCIAIO INOX AISI 316;AISI 316 STAINLESS STEEL U BOLTS AND EYE BOLTS;;
5956;5597;PORTAOGGETTI;HOLDERS;;
5957;5597;PIATTI BICCHIERI E STOVIGLIE;PLATES GLASSES AND DISHES;;
5960;5957;SET POSATE E PIATTI;CUTLERY AND PLATES SETS;;
6065;2325;FANALI DI PRUA E DI POPPA;BOW AND STERN NAVIGATION LIGHTS;;
10001;2;ORMEGGIO/ANCORAGGIO/BOE PARABORDI;ANCHORING/MOORING/FENDERS BUOYS;Categoria_1;
10002;10001;ANCORE / CATENE;ANCHORS / CHAINS;;
10003;10002;ANCORE;ANCHORS;;
10022;10002;CATENE CALIBRATE;CALIBRATED CHAINS;;
19707;10002;CATENE LUNGHE;LONG CHAINS;;
10027;10002;ACCESSORI PER ANCORE/CATENE;ANCHORS/CHAINS ACCESSORIES;;
10033;10002;GIUNTI ANCORA CATENA;ANCHOR TO CHAIN CONNECTORS ;;
10046;10001;GRILLI / MOSCHETTONI / GIRELLE / GOLFARI;SHACKLES / CARABINERS / SWIVELS / EYEBOLTS;;
10047;10046;GRILLI;SHACKLES;;
10059;10046;MOSCHETTONI IN ACCIAIO INOX;STAINLESS STEEL CARABINERS;;
10070;10001;BITTE / PASSACAVI / MUSONI;BOLLARDS / LINE CHOCKS / BOW ROLLERS;;
10071;10070;BITTE E PASSACAVI IN ACCIAIO INOX;STAINLESS STEEL CLEATS AND CHOCKS;;
10078;10070;BITTE E PASSACAVI IN ALLUMINIO ANODIZZATO;ANODIZED ALUMINUM BOLLARDS AND CLEATS;;
10088;10070;BITTE E PASSACAVI IN OTTONE;BRASS BOLLARDS AND CHOCKS;;
10097;10070;BITTE IN PLASTICA;PLASTIC MOORING CLEATS;;
10126;10070;DELFINIERE E MUSONI DI PRUA;BOW PLATFORMS AND ROLLERS;;
10140;10001;VERRICELLI SALPA ANCORE QUICK;QUICK WINDLASSES;;
10141;10140;VERRICELLI QUICK CON ASSE VERTICALE;VERTICAL SERIES QUICK WINDLASSES ;;
10172;10140;VERRICELLI QUICK CON ASSE ORIZZONTALE;HORIZONTAL SERIES QUICK WINDLASSES;;
10196;10140;VERRICELLI QUICK PER TONNEGGIO E TENDER;CAPSTANS AND TENDER QUICK WINDLASSES;;
10218;10140;ACCESSORI E RICAMBI PER VERRICELLI QUICK;QUICK WINDLASSES' ACCESSORIES AND SPARE PARTS;;
10231;10001;CORDAME E ORMEGGIO;ROPES & MOORING;;
10232;10231;CIME DA ORMEGGIO E ANCORAGGIO;DOCK AND ANCHOR LINES;;
10251;10231;ACCESSORI PER CORDAME E ORMEGGIO;ROPES AND MOORING ACCESSORIES;;
19708;10231;AIUTI PER L'ORMEGGIO E SISTEMI D'ATTRACCO;MOORING SYSTEMS;;
10259;10231;AMMORTIZZATORI DA ORMEGGIO IN GOMMA EPDM;EPDM RUBBER MOORING COMPENSATORS;;
10263;10001;BOE / PARABORDI;MOORING BUOYS / FENDERS;;
10269;10263;BOE DA ORMEGGIO E ANCORAGGIO;MOORING AND ANCHORING BUOYS;;
10275;10263;BOE E GALLEGGIANTI DA SEGNALAZIONE;HOLE BUOYS AND MARK BUOYS;;
10287;10263;PARABORDI A PERA;PEAR FENDERS;;
10292;10263;PARABORDI CILINDRICI;CYLINDRICAL FENDERS;;
10301;10263;ACCESSORI PER PARABORDI;FENDERS ACCESSORIES;;
10309;10263;PARAFIANCATE E MEGAFENDERS;PROTECTIONS AND MEGAFENDERS;;
10352;2;FERRAMENTA/CHIUSURE/VITERIA;HARDWARE/LOCKS/FASTENERS;Categoria_2;
10353;10352;GRILLI / MOSCHETTONI;SHACKLES / CARABINERS;;
10354;10353;GRILLI IN ACCIAIO INOX;STAINLESS STEEL SHACKLES;;
10377;10353;GRILLI STAMPATI IN ACCIAIO INOX ;STAMPED STAINLESS STEEL SHACKLES;;
10387;10353;MOSCHETTONI IN ACCIAIO INOX AISI 316;316 STAINLESS STEEL CARABINERS;;
10402;10353;MOSCHETTONI VELA IN ACCIAIO INOX AISI 316;316 STAINLESS STEEL SAILBOAT SNAP HOOKS;;
10417;10353;MOSCHETTONI IN OTTONE E ALLUMINIO ANODIZZATO;BRASS AND ANODIZED ALUMINUM SNAPS;;
10428;10352;PONTICELLI / GOLFARI E ANELLI;BOLTS AND RINGS;;
10429;10428;PONTICELLI E ANELLI SU PIASTRA;STAINLESS STEEL EYE STRAPS;;
10436;10428;GOLFARE E ANELLI IN ACCIAIO INOX;STAINLESS STEEL U-BOLTS;;
10454;10352;GANCI / GANCETTI;HOOKS / SHOCK CORD HOOKS;;
10455;10454;GANCETTI IN METALLO;METAL HOOKS;;
10478;10454;GANCETTI IN PLASTICA;PLASTIC HOOKS;;
10492;10454;GANCETTI PER ELASTICI;SHOCK CORD HOOKS;;
10501;10352;SISTEMI DI ARRESTO;CATCH SYSTEMS;;
10502;10501;GANCI E CATENACCI;CABIN BOLTS AND LATCHES;;
10512;10501;ARRESTI A SPINTA;DOOR CATCHES AND PANEL LATCHES;;
10555;10352;SERRATURE / CHIUSURE;DOOR LOCKS / LATCHES;;
10556;10555;MANIGLIE E ROSETTE PER SERRATURE;DOOR HANDLES;;
10573;10555;SERRATURE CON CHIAVI;DOOR LOCKS WITH KEYS;;
18166;12211;CHIUSURE A PULSANTE E NOTTOLINI;KNOB LATCHES;;
10586;10555;SERRATURE CON BLOCCO (PRIVACY);PRIVACY DOOR LOCKS;;
10591;10555;SERRATURE SENZA CHIAVI;NO KEYS DOOR LOCKS;;
10595;10555;SERRATURE PER PORTE SCORREVOLI;SLIDING DOOR DOOR LOCKS;;
10608;10555;CHIUSURE A LEVA;HOLD DOWN CLAMPS;;
10618;10555;LUCCHETTI E CASSEFORTI;MARINE PADLOCKS AND SAFES;;
10624;10352;CERNIERE;HINGES;;
10625;10624;CERNIERE PIANE IN ACCIAIO INOX EXTRACROME;STAINLESS STEEL MIRROR-POLISHED FLAT HINGES;;
10643;10624;CERNIERE SFILABILI IN ACCIAIO INOX EXTRACROME;STAINLESS STEEL MIRROR-POLISHED LIFT OFF HINGES;;
10655;10624;CERNIERE IN ACCIAIO INOX EXTRACROME ROBUSTA;STAINLESS STEEL MIRROR-POLISHED EXTRASTRONG HINGES;;
10660;10624;CERNIERE IN ACCIAIO INOX STANDARD;STAINLESS STEEL STANDARD HINGES;;
13026;10624;CERNIERE IN ACCIAIO INOX PER BOCCAPORTI E PORTELLI;STAINLESS STEEL HINGES FOR HATCHES;;
10672;10624;CERNIERE IN OTTONE CROMATO;CHROMED BRASS HINGES;;
10678;10624;CERNIERE IN PLASTICA RINFORZATA;REINFORCED PLASTIC HINGES;;
10694;10352;VITERIA IN ACCIAIO INOX A2;STAINLESS STEEL A2 FASTENERS;;
10695;10694;VITI METRICHE;METRIC MACHINE SCREWS;;
10703;10694;DADI RONDELLE COPIGLIE E RIVETTI;NUTS AND WASHERS;;
10712;10694;VITI AUTOFILETTANTI;TAPPING SCREW PHILLIPS;;
10716;10694;VITI PER LEGNO;WOOD SCREWS;;
10719;10352;VITERIA IN ACCIAIO INOX A4;STAINLESS STEEL A4 FASTENERS;;
10720;10719;VITI METRICHE;METRIC MACHINE SCREWS;;
10723;10719;DADI E RONDELLE;NUTS AND WASHERS;;
10728;10719;VITI AUTOFILETTANTI;TAPPING SCREW PHILLIPS;;
10741;2;SCALETTE PASSERELLE/SUPPORTI SEDILI/OBLO' PRESE D'ARIA;LADDERS GANGWAYS/STAFFS SEATS/PORT LIGHTS AIR VENTS;Categoria_3;
10742;10741;SCALE PLANCE E SUPPORTI MOTORE FUORIBORDO;LADDERS / PLATFORMS;;
10743;10742;SCALETTE AMOVIBILI E BISCAGLINE;REMOVABLE AND BOARDING LADDERS;;
10750;10742;GRADINI ;STEPS;;
10754;10742;SCALETTE TELESCOPICHE;TELESCOPIC LADDERS;;
10761;10742;SCALETTE PIEGHEVOLI;FOLDING LADDERS;;
10774;10742;PLANCETTE DI POPPA;TINOX TRANSOM PLATFORMS;;
19710;10742;SUPPORTI MOTORE PER PLANCETTE E BATTAGLIOLE;RAIL AND PLATFORM MOUNT OUTBOARD BRACKETS;;
19709;10742;SUPPORTI MOTORE A PANTOGRAFO;ADJUSTABLE OUTBOARD BRACKETS;;
10810;10741;PASSERELLE / GRUETTE / ROLLBAR;GANGWAYS / DAVITS / ROLLBARS;;
10814;10810;PASSERELLE;GANGWAYS;;
10823;10810;ACCESSORI E RICAMBI PER PASSERELLE;GANGWAYS' ACCESSORIES AND SPARE PARTS;;
10838;10810;GRUETTE E ROLLBAR;DAVITS AND ROLLBARS;;
10848;10741;CORRIMANO / BATTAGLIOLE;HANDRAILS / LIFELINES;;
10849;10848;PULPITI DI PRUA E DI POPPA IN ACCIAIO INOX ;STAINLESS STEEL BOW AND STERN AMBOS;;
10855;10848;CANDELIERI E ACCESSORI PER PULPITI E BATTAGLIOLE;STANCHIONS AND ACCESSORIES FOR AMBOS AND LIFELINES;;
10868;10848;PASSAMANI TIENTIBENE;HANDRAILS;;
10873;10848;SUPPORTI E TUBI PER PASSAMANI TIENTIBENE;HANDRAIL SUPPORTS AND PIPES;;
10880;10848;BASI E RACCORDI IN ACCIAIO INOX STAMPATO;MOULDED STAINLESS STEEL FITTINGS AND BASES;;
10895;10848;BASI E RACCORDI IN ACCIAIO INOX AISI 316 DA FUSIONE;CAST 316 STAINLESS STEEL FITTINGS AND BASES;;
10919;10741;ASTE PORTABANDIERA;FLAG STAFFS;;
10920;10919;ASTE PORTABANDIERA;FLAG STAFFS;;
10937;10741;REMI / MEZZI MARINAI / CLIPS;OARS / BOATHOOKS / CLIPS;;
10938;10937;REMI E PAGAIE IN ALLUMINIO;ALUMINUM OARS AND PADDLES;;
10947;10937;REMI E PAGAIE IN LEGNO;WOOD OARS AND PADDLES;;
10957;10937;SCALMI E MANICOTTI;OARLOCKS AND SLEEVES;;
10967;10937;MEZZI MARINAI;BOATHOOKS;;
19130;10937;ACCESSORI PER REMI E MEZZI MARINAI;OARS AND BOATHOOK ACCESSORIES;;
10981;10937;CLIPS E ACCESSORI;CLIPS AND ACCESSORIES;;
10990;10741;SUPPORTI PORTACANNE;ROD HOLDERS;;
10991;10990;SUPPORTI PORTACANNE A PARETE E DA RIPOSO;REST AND WALL MOUNT ROD HOLDERS;;
11000;10990;SUPPORTI PORTACANNE;ROD HOLDERS;;
11017;10741;SEDILI / SUPPORTI / TAVOLI;SEATS / PEDESTALS / TABLES;;
11018;11017;SEDILI;UPHOLSTERED SEATS;;
11033;11017;SUPPORTI SEDILE;SEAT PEDESTALS;;
11084;11017;CUSCINI E CASSAPANCHE;CHESTS AND LOCKERS;;
11087;11017;TAVOLI PIEGHEVOLI PER ESTERNI;FOLDING DECK CHAIRS AND TABLES;;
11096;11017;SUPPORTI PER TAVOLI;TABLE PEDESTALS;;
11101;11017;SUPPORTI ABBATTIBILI PER TAVOLI E MENSOLE;TABLE AND SHELVES FOLDABLE SUPPORTS;;
11109;11017;PIANI TAVOLO;TABLE TOPS;;
11114;10741;OBLO' / BOCCAPORTI;PORTLIGHTS / HATCHES;;
11124;11114;OBLO';PORTLIGHTS;;
14116;11114;OSTERIGGI BOCCAPORTI JIM BLACK;JIM BLACK VENT DECK HATCHES;;
11148;11114;COMPASSI E ATTUATORI PER FINESTRINI E BOCCAPORTI;HATCH AND PORTLIGHT ADJUSTERS AND SPRINGLIFTS;;
11157;11114;GUARNIZIONI E PROFILI PER FINESTRATURE E BOCCAPORTI;HATCH AND WINDOW PROFILES AND SEALS;;
11171;11114;PORTELLI CALPESTABILI IN ABS;ABS STEP-ON HATCHES;;
11185;11114;PORTELLI CALPESTABILI EXTRA ROBUSTI;HEAVY DUTY STEP-ON HATCHES;;
11190;11114;PORTELLI CALPESTABILI EXTRA ROBUSTI IN ALLUMINIO;ALUMINUM HEAVY DUTY STEP-ON HATCHES;;
11194;11114;PORTELLI IN ABS CON CONTENITORI;ABS STORAGE BOX HATCHES;;
11200;11114;PORTELLI E TAPPI ISPEZIONE;RECESSED BOXES AND HATCHES;;
14159;11114;NICCHIE E TASCHE;INSPECTION AND ACCESS DECK PLATES;;
11213;10741;PRESE D'ARIA;AIR VENTS;;
11214;11213;PRESE D'ARIA IN ACCIAIO INOX;STAINLESS STEEL VENTS;;
11240;11213;AERATORI DA COPERTA;DECK VENTS;;
11227;11213;PRESE D'ARIA IN PLASTICA;PLASTIC VENTS;;
11236;11213;MANICHE A VENTO ORIENTABILI;SWIVELING COWL VENTS;;
11254;11213;VENTILATORI / ELETTROASPIRATORI;ELECTRIC FANS AND EXTRACTORS;;
11259;11213;SFIATI PER SERBATOI;TANK VENTS;;
11414;4850;TANICHE E IMBUTI;FUEL CANS AND FUNNELS;;
11433;2551;LUCI E PLAFONIERE A INCASSO;FLUSH MOUNT LED LIGHTS;;
11587;1526;ATTACCHI RAPIDI ENTRATA E USCITA ACQUA;QUICK WATER INLET AND OUTLET COUPLINGS;;
11589;1526;POZZETTI E RACCOLTA ACQUE GRIGIE;GREY WATER COLLECTOR TANKS AND DRAIN SYSTEMS;;
11760;10001;PIASTRE / BUMPERS / PARACOLPI / PROFILI PARABORDO;BUMPERS / PROTECTION GUARDS / FENDERING PROFILES;;
11761;11760;PARACOLPI E.V.A. BUMPERS;FOAM DOCK E.V.A. BUMPERS;;
11789;5331;ELICHE DI MANOVRA - BOW PROPELLERS QUICK;BOW THRUSTERS- BOW PROPELLERS QUICK;;
11794;1726;POMPE AUTOCLAVI A CONTROLLO ELETTRONICO;ELECTRONIC CONTROL FRESHWATER PRESSURE SYSTEMS;;
11805;3065;ANTENNE TV - RADIO / SAT / WI-FI GLOMEX;GLOMEX TV / SAT / RADIO / WI-FI ANTENNAS;;
11902;11760;PIASTRE / BUMPERS E PROFILI PARACOLPI;BUMPERS AND PROTECTION GUARDS;;
12077;11114;OSCURANTI E MOSQUITO NET;PRIVACY CURTAINS AND MOSQUITO NETS;;
12158;2469;FARETTI SUBACQUEI HIGH POWER LED;HIGH POWER LED UNDERWATER LIGHTS;;
12211;10352;MANIGLIE / CHIUSURE;HANDLES / LATCHES;;
12221;12211;CHIUSURE A COMPRESSIONE PER PAGLIOLI E BOCCAPORTI;COMPRESSION LATCHES FOR BULKHEADS AND HATCHES;;
12224;12211;CHIUSURE PER PORTELLI E PAGLIOLI;LATCHES FOR DRAWERS AND BULKHEADS;;
12247;12211;MANIGLIE A INCASSO E POMOLI;RECESSED HANDLES;;
12265;10555;ARRESTI FERMA PORTE E PORTELLI;DOOR CATCHES AND DOOR HOLDERS;;
12275;10555;MANIGLIE ESTERNE;EXTERNAL USE DOOR HANDLES;;
12349;4562;ANODI PER SAIL DRIVE LOMBARDINI & BUCK;LOMBARDINI & BUCK SAIL DRIVE ANODES;;
12366;4562;ANODI PER BOW THRUSTER;BOW THRUSTER ANODES;;
12497;2325;LUCI DI VIA A BATTERIA;PORTABLE NAVIGATION BATTERY LIGHTS;;
12525;2551;LUCI DI CORTESIA;COURTESY LED LIGHTS;;
12566;10353;GRILLI IN ACCIAIO INOX TOP CLASS;TOP CLASS STAINLESS STEEL SHACKLES;;
12578;3514;GRILLI IN ACCIAIO INOX TOP CLASS;STAINLESS STEEL TOP CLASS SHACKLES;;
13428;13427;OLIO TEAK;TEAK OIL;;
12607;2887;STRUMENTAZIONE VDO;VDO GAUGES;;
19741;2887;SENSORI DI PRESSIONE E TEMPERATURA;PRESSURE AND TEMPERATURE SENDERS;;
12663;10231;TRECCE PRONTE ORMEGGIO E ANCORAGGIO;MOORING AND ANCHORING READY BRAIDS;;
12759;3065;ANTENNE AM-FM / GSM / CB GLOMEX PER BARCHE A MOTORE;GLOMEX AM-FM / GSM / CB ANTENNAS FOR MOTORBOATS;;
12820;5496;ABRASIVI;ABRASIVES;;
12821;5496;PENNELLI RULLINI E ACCESSORI;BRUSHES ROLLERS AND ACCESSORIES;;
12845;5350;ASSORBENTI PER OLII E IDROCARBURI;OIL AND FUEL ABSORBERS;;
12876;1390;FRIGO PORTATILI CON COMPRESSORE 12/24V;PORTABLE REFRIGERATORS WITH 12/24V COMPRESSOR;;
12877;1390;CONGELATORI E FABBRICATORI DI GHIACCIO;FREEZERS AND ICE MAKERS;;
12894;1726;POMPE LAVAGGIO COPERTA;DECK WASHING SYSTEM PUMPS;;
12945;3065;ANTENNE VHF GLOMEX PER BARCHE A VELA;GLOMEX VHF ANTENNAS FOR SAILBOATS;;
13000;10263;PARAPRUA E PARAPOPPA;STERN AND BOW GUARDS;;
13109;3643;BOZZELLI ANTAL 50 - 60 - 70;ANTAL BLOCKS 50 - 60 - 70;;
13137;3155;EPIRB E DISPOSITIVI SICUREZZA CADUTA IN MARE;EPIRB AND MOB SAFETY DEVICES;;
13141;3742;CARRELLI E ROTAIE ANTAL;ANTAL CARS AND TRACKS;;
13151;3643;BOZZELLI APRIBILI ANTAL;ANTAL SNATCH BLOCKS;;
13233;1611;RACCORDERIA IN PP E IN PLASTICA;PP AND PLASTIC PIPE FITTINGS;;
13365;2047;GENERATORI DI CORRENTE  V.T.E.;V.T.E. MARINE GENERATOR UNITS;;
19738;2551;QUICK LED LIGHTING;QUICK LED LIGHTING;;
13429;13427;DETERGENTI E SCHIARENTI PER TEAK;TEAK CLEANERS AND BRIGHTENERS;;
13427;5349;TEAK CARE;TEAK CARE;;
13495;2698;ECOSCANDAGLI CHARTPLOTTERS E COMBO;FISHFINDERS CHARTPLOTTERS AND COMBO;;
13609;2698;AUTOPILOTI;AUTOPILOTS;;
13610;13609;AUTOPILOTI RAYMARINE;RAYMARINE AUTOPILOTS;;
13626;2966;RAYMARINE i-SERIES;RAYMARINE i-SERIES;;
13761;5393;SIGILLANTI E ADESIVI SIKAFLEX;SIKAFLEX SEALANTS AND ADHESIVES;;
13780;3946;COPERTURE PER MOTORI FUORIBORDO;OUTBOARD ENGINE COVERS;;
13827;4364;BOCCOLE IDROLUBRIFICATE TIPO FRANCIA;FRENCH TYPE WATER LUBRICATED BEARINGS;;
13851;10002;ANCORE GALLEGGIANTI E STABILIZZATORI;FLOATING ANCHORS AND STABILIZERS;;
13858;10046;GIRELLE ;SWIVELS;;
13926;1611;RACCORDERIA RAPIDA JOHN GUEST;JOHN GUEST QUICK CONNECT PIPE FITTINGS;;
13936;4482;ELICHE IN ALLUMINIO PER MOTORI FUORIBORDO E PIEDI POPPIERI;ALUMINUM PROPELLERS FOR OUTBOARDS AND SAILDRIVES;;
14004;4482;ELICHE PER VOLVO PENTA;DUO PROP PROPELLERS FOR VOLVO PENTA;;
13946;4482;ELICHE IN ACCIAIO INOX PER MOTORI FUORIBORDO E PIEDI POPPIERI;STAINLESS STEEL PROPELLERS FOR OUTBOARDS AND SAILDRIVES;;
13963;4562;ANODI PER SISTEMI ARNESON;ARNESON SYSTEM ANODES;;
13973;4562;ANODI PER IDROGETTI HAMILTON;HAMILTON HYDROJETS ANODES;;
13977;4562;ANODI PER IDROGETTI KAMEWA;KAMEWA HYDROJETS ANODES;;
14087;10742;ACCESSORI E RICAMBI PER SCALE E PLANCE;SPARE AND ACCESSORIES FOR LADDERS AND PLATFORMS;;
16031;11114;OSTERIGGI BOCCAPORTI G-TYPE E VETUS;G-TYPE AND VETUS DECK HATCHES;;
14193;1434;SERBATOI ACQUE NERE E ACCESSORI;WASTE TANKS FITTINGS AND HOSES;;
14221;1434;MACERATORI E POMPE SCARICO/CARICO WC;TOILET MACERATORS AND WASTE/CHARGING PUMPS;;
14313;1726;ACCESSORI PER POMPE AUTOCLAVI PER SERVIZI;ACCESSORIES FOR WATER SYSTEM PUMPS;;
14314;1726;POMPE A PEDALE E CENTRIFUGHE PER SERVIZI;FOOT AND CENTRIFUGAL WATER SYSTEM PUMPS;;
14331;1726;POMPE DI RICIRCOLO ACQUA;WATER CIRCULATION PUMPS;;
14338;2551;LUCI E PLAFONIERE IMPERMEABILI;WATERPROOF CEILING AND DOME LIGHTS;;
19740;2659;FARETTI E PLAFONIERE CHIP;CHIP SPOT AND DOME LIGHTS;;
14417;1290;TAPPI DI COPERTA;DECK FILLS;;
14422;14417;TAPPI DI COPERTA IN ACCIAIO INOX E OTTONE;STAINLESS STEEL AND BRASS DECK FILLS;;
14425;14417;TAPPI DI COPERTA IN PLASTICA;PLASTIC DECK FILLS;;
14448;1950;PRESE DI CORRENTE;POWER SOCKETS;;
14449;1950;INTERRUTTORI;SWITCHES;;
14450;14449;INTERRUTTORI A TIRETTO;PUSH-PULL SWITCHES;;
14451;14449;INTERRUTTORI A PULSANTE;BUTTON SWITCHES;;
14452;14449;INTERRUTTORI A LEVETTA;TOGGLE SWITCHES;;
14453;14448;PRESE E SPINE TIPO ACCENDINO E USB;USB AND LIGHTER TYPE PLUGS & SOCKETS;;
14454;14448;PRESE E SPINE;PLUGS & SOCKETS;;
14455;14448;PRESE E SPINE DA BANCHINA LATO BARCA;BOAT SIDE DOCK PLUGS & SOCKETS;;
14456;14448;PRESE E SPINE CE DA BANCHINA;SHORE CE PLUGS & SOCKETS;;
19769;2273;PASSACAVI;WIRE SEALS;;
14512;14449;INTERRUTTORI BASCULANTI;ROCKER SWITCHES;;
14513;14449;INTERRUTTORI BASCULANTI IMPERMEABILI;WATERPROOF ROCKER SWITCHES;;
14514;14449;INTERRUTTORI MAGNETOTERMICI REINSERIBILI / RELE';MAGNETIC CIRCUIT BREAKERS / RELAYS;;
14544;2196;PANNELLI ELETTRICI ROCKER SWITCH;ROCKER SWITCH PANELS;;
14636;4221;ANODI DI ALLUMINIO;ALUMINUM ANODES;;
14637;14636;KIT ANODI MARTYR PER MOTORI MERCURY E MERCRUISER;MERCURY AND MERCRUISER MARTYR ANODES KIT;;
14638;14636;KIT ANODI MARTYR PER MOTORI VOLVO PENTA;VOLVO PENTA MARTYR ANODES KIT;;
14651;14636;ANODI MARTYR PER TIMONI CARENE ASSI ED ELICHE;MARTYR RUDDER, HULL, PROPELLER AND SHAFT ANODES;;
14731;13495;CARTOGRAFIA GARMIN BLUECHART G3 / G3 VISION;GARMIN BLUECHART G3 / G3 VISION CARTOGRAPHY;;
14735;13495;CARTOGRAFIA NAVIONICS;NAVIONICS CARTOGRAPHY;;
14752;14636;ANODI MARTYR PER MOTORI FUORIBORDO;MARTYR ANODES FOR OUTBOARD ENGINES;;
14758;14636;ANODI MARTYR PER MOTORI ENTROFUORIBORDO;MARTYR ANODES FOR STERN DRIVE ENGINES;;
14763;2698;AUDIO E ALTOPARLANTI;AUDIO AND SPEAKERS;;
14764;14763;MARINE STEREO / RADIO;MARINE STEREO / RADIO;;
14775;14763;ALTOPARLANTI MARINI RIVIERA;RIVIERA MARINE SPEAKERS;;
14794;14763;MICROFONI / AMPLIFICATORI;MICROPHONES / AMPLIFIERS;;
14806;3155;RADAR GARMIN;GARMIN RADARS;;
14811;13495;GARMIN CHARTPLOTTERS FISHFINDERS;GARMIN CHARTPLOTTERS / FISHFINDERS;;
14839;2756;ANEMOMETRI METEO PORTATILI;WEATHER POCKET ANEMOMETERS;;
14847;3065;ANTENNE VHF / TV / RADIO SUPERGAIN;SUPERGAIN TV AND VHF ANTENNAS;;
14874;3579;DRAGLIE E CAVI PER SARTIAME ;RIGGING LIFELINES AND WIRES;;
14978;3418;SLAM SAILING TECH WEAR;SLAM SAILING TECH WEAR;;
14979;3418;SLAM SAILING MODA;SLAM SAILING FASHION;;
14980;3418;SLAM SCARPE BORSE CAPPELLI E GUANTI;SLAM SHOES BAGS CAPS AND GLOVES;;
15040;3476;COLTELLI DA PESCA;FISHING KNIVES;;
15052;3160;CINTURE DI SALVATAGGIO AUTOGONFIABILI VSG;VSG INFLATABLE LIFE VESTS;;
19739;2551;HELLA MARINE LED LIGHTING;HELLA MARINE LED LIGHTING;;
15123;4364;TOR MARINE PROPELLER SHAFT SEALS;TOR MARINE PROPELLER SHAFT SEALS;;
15136;4976;FILTRI SEPARATORI DIESEL;DIESEL / WATER SEPARATOR FILTERS;;
15140;2325;FANALI DI NAVIGAZIONE HELLA MARINE;HELLA MARINE NAVIGATION LIGHTS;;
15191;4850;VALVOLE E RACCORDI;VALVES AND FITTINGS;;
15207;4221;RICAMBI ORIGINALI MERCURY - MERCRUISER;MERCURY - MERCRUISER GENUINE SPARE PARTS;;
15211;15207;POMPE / MOTORINI / SOFFIETTI / FILTRI;PUMPS / STARTERS / BELLOWS / FILTERS;;
15220;4221;RICAMBI PER MOTORI;ENGINE SPARE PARTS;;
15246;15207;SISTEMI DI SCARICO;EXHAUST SYSTEMS;;
15261;4364;SUPPORTI ELASTICI PER MOTORI ENTROBORDO;INBOARD ENGINE FLEXIBLE MOUNTS;;
15323;1611;RACCORDERIA IN BRONZO;BRONZE PIPE FITTINGS;;
15354;5349;SPAZZOLE STRACCI SPUGNE E SECCHI;SCRUBS CLOTHS SPONGES AND PAILS;;
15394;15354;SPAZZOLONI E KIT PULIZIA;BRUSHES AND BRUSH KITS;;
15416;5434;DETERGENTI PER SENTINE E PONTI ;BILGE AND DECK DETERGENTS;;
15418;5434;DETERGENTI PER VELE TENDALINI E TAPPETI;SAIL CANVAS AND RUG DETERGENTS;;
15420;5434;DETERGENTI PER SCAFI CARENE E MOTORI;HULL BOTTOM AND ENGINE DETERGENTS;;
15422;5434;DETERGENTI E PROTETTIVI PER GOMMONI E PARABORDI;FENDER AND INFLATABLES DETERGENTS AND PROTECTORS;;
15424;5434;IMPERMEABILIZZANTI E ANTIMUFFA;WATERPROOFING AND MILDEW REMOVERS;;
15426;5434;DETERGENTI E PROTETTIVI PER METALLI E RIMUOVI RUGGINE;METAL AND RUST DETERGENTS AND PROTECTORS;;
15471;15354;SECCHI E MANICHETTE ACQUA;HOSE REELS AND PAILS;;
15501;5434;DETERGENTI E PROTETTIVI PER VINILE PLASTICA E PARABREZZA;VINYL PLASTICS AND WINDSHIELDS DETERGENTS AND PROTECTORS;;
15523;15354;PANNI SPUGNE E SPAZZOLE;CLOTHS SPONGES AND SCRUB PADS;;
15549;5496;SPATOLE E SPAZZOLE METALLICHE;SPATULAS AND METAL BRUSHES;;
15658;5957;PIATTI E BICCHIERI TOP CLASS;TOP CLASS PLATES AND GLASSES;;
17862;13495;RAYMARINE CHARTPLOTTERS FISHFINDERS;RAYMARINE CHARTPLOTTERS / FISHFINDERS;;
16090;10002;ANCORE PERFORMANTI;PERFORMING ANCHORS;;
15720;1611;RACCORDERIA RAPIDA BD FAST;BD FAST QUICK CONNECT PIPE FITTINGS;;
15723;1434;TOILETTES TECMA;TECMA TOILETTES;;
15732;1434;ACCESSORI E RICAMBI PER TOILETTES TECMA;TECMA TOILETTES ACCESSORIES AND SPARE PARTS;;
17789;11017;SEDIE PIEGHEVOLI PER ESTERNI;MARINE BUSINESS TEAK CHAIRS AND TABLES;;
15781;13609;AUTOPILOTI GARMIN;GARMIN AUTOPILOTS;;
15792;2966;GARMIN GNX E GWIND;GARMIN GNX AND GWIND;;
15811;14763;PLANCE RADIO E COVER;RADIO COVERS;;
15820;14763;ALTOPARLANTI E WOOFER MARINI BOSS;BOSS MARINE SPEAKERS AND WOOFERS;;
15852;13495;GARMIN CHARTPLOTTERS MULTIFUNZIONE E MODULI;GARMIN MULTIFUNCTION CHARTPLOTTERS AND MODULES;;
15859;3418;SCARPE E STIVALI;SHOES / BOOTS / CAPS AND GLOVES;;
15893;3384;ACCESSORI PER CARRELLI;TRAILER ACCESSORIES;;
15913;5350;OLIO PIEDE E ATF;GEAR AND ATF OIL;;
15914;5350;OLIO YANMAR ;YANMAR OIL;;
15956;4054;BANDIERE REGIONALI E LOCALI;REGIONAL AND LOCAL FLAGS;;
15979;3160;ACCESSORI PER CINTURE DI SALVATAGGIO;LIFE VESTS ACCESSORIES;;
15989;10001;VERRICELLI SALPA ANCORE MAXWELL;MAXWELL WINDLASSES;;
15990;15989;VERRICELLI CON ASSE VERTICALE;VERTICAL SERIES WINDLASSES;;
15992;15989;VERRICELLI CON ASSE ORIZZONTALE;HORIZONTAL SERIES WINDLASSES;;
15993;15989;ACCESSORI E RICAMBI PER VERRICELLI MAXWELL;MAXWELL WINDLASSES' ACCESSORIES AND SPARE PARTS;;
16012;10001;COMANDI UNIVERSALI E RICAMBI PER VERRICELLI;UNIVERSAL CONTROLS AND WINDLASS SPARE PARTS;;
16013;16012;COMANDI UNIVERSALI E RICAMBI PER VERRICELLI;UNIVERSAL CONTROLS AND WINDLASS SPARE PARTS;;
16107;10231;AMMORTIZZATORI DA ORMEGGIO A MOLLA;SPRING MOORING COMPENSATORS;;
16307;2698;VHF;VHF;;
16308;16307;VHF PALMARI;HAND HELD VHF;;
16309;16307;VHF FISSI;FIXED MOUNT VHF;;
16335;3155;RADAR RAYMARINE;RAYMARINE RADARS;;
16490;5956;BAMBOO MARINE SYSTEM;BAMBOO MARINE SYSTEM;;
16536;13427;TEAK CARE NANO-COATING;NANO-COATING TEAK CARE;;
16544;3643;BOZZELLI HS;HS BLOCKS;;
16594;1726;GIRANTI JOHNSON;JOHNSON IMPELLERS;;
16621;11760;BOTTAZZI PROFILI PARABORDO;FENDERING PROFILES;;
16675;14636;KIT ANODI MARTYR PER MOTORI HONDA / SUZUKI / YAMAHA;HONDA / SUZUKI / YAMAHA MARTYR ANODES KIT;;
16684;10624;CERNIERE IN ACCIAIO INOX EXTRACROME A FILO;STAINLESS STEEL MIRROR-POLISHED FLUSH HINGES;;
16746;3418;AQUAPAC SACCHI E CUSTODIE IMPERMEABILI;AQUAPAC WATERPROOF SACKS AND CASES;;
16756;3322;BATTELI GONFIABILI EUROVINIL;EUROVINIL INFLATABLE BOATS;;
16794;15220;SOFFIETTI MANICOTTI E TUBI ACQUA;BELLOWS SLEEVES AND WATER HOSES;;
16860;5597;STOVIGLIE E ARREDO MARINE BUSINESS;MARINE BUSINESS TABLEWARE AND DECOR;;
16861;16860;SERVIZIO DA TAVOLO NORTHWIND;NORTHWIND TABLEWARE;;
16864;16860;BICCHIERI E ACCESSORI PARTY;PARTY GLASSES AND ACCESSORIES;;
16868;16860;ARREDO CAMERA;ROOM DECOR;;
16869;16860;TAPPETINI;WELCOME MATS;;
19143;16860;ARREDO CAMERA EX SERIES;EX SERIES ROOM DECOR;;
17003;2865;BINOCOLI NIKON;NIKON BINOCULARS;;
17011;3826;SCOTTE E DRIZZE LIROS;LIROS SHEETS AND HALYARDS;;
17022;10231;CIME DA ORMEGGIO E ANCORAGGIO LIROS;LIROS DOCK AND ANCHOR LINES;;
17050;2551;LUCI E PLAFONIERE;CEILING LIGHTS;;
17113;3826;TRECCINE E BOBINETTE;BRAID LINE SPOOLS;;
17155;2273;CAVI ELETTRICI MARINI;MARINE ELECTRIC CABLES;;
17261;1726;POMPE AUTOADESCANTI A MEMBRANA;DIAPHRAGM SELF-PRIMING PUMPS;;
17344;2273;CONNETTORI PER CAVI ELETTRICI;ELECTRIC CABLE CONNECTORS;;
17368;2273;ACCESSORI E UTENSILI PER IMPIANTI ELETTRICI;ELECTRIC ACCESSORIES AND INSTALLATION TOOLS;;
17406;2047;BATTERIE;BATTERIES;;
17427;1950;SPIE E LAMPADINE;LIGHTS AND BULBS;;
17429;17427;SPIE;PILOT LIGHTS;;
17430;17427;LAMPADINE E BULBI;BULBS;;
17431;17427;LAMPADINE LED;LED BULBS;;
19510;19509;FUSIBILI IN VETRO;GLASS FUSES;;
19511;19509;FUSIBILI LAMELLARI;LAMELLAR FUSES;;
19737;2551;STARLIGHT LED LIGHTING;STARLIGHT LED LIGHTING;;
17575;16860;SERVIZIO DA TAVOLO BALI;BALI TABLEWARE;;
17584;16860;SERVIZIO DA TAVOLO REGATA;REGATA TABLEWARE;;
17654;2196;PANNELLI ELETTRICI YIS IP66;YIS IP66 SWITCH PANELS;;
17679;1611;RACCORDI OLEOIDRAULICI;HYDRAULIC FITTINGS;;
17680;1611;O-RINGS E TUBI OLEOIDRAULICI;HYDRAULIC O-RINGS AND TUBING;;
17773;4054;BANDIERE DI SEGNALAZIONE;WARNING FLAGS;;
17824;3065;ANTENNE GLOMEX GLOMEASY LINE;GLOMEX GLOMEASY LINE ANTENNAS;;
17844;13495;ECOSCANDAGLI GARMIN;GARMIN FISHFINDERS;;
17880;3418;SLAM END SERIES;SLAM FASHION END SERIES;;
17949;10231;TRECCE MULTIUSO;MULTIPURPOSE BRAIDS;;
17962;10231;TRECCE PRONTE ORMEGGIO E ANCORAGGIO CUSTOM LINE;MOORING AND ANCHORING CUSTOM LINE READY BRAIDS;;
18942;10046;GOLFARI E BITTE PER ORMEGGIO;EYEBOLTS AND MOORING BOLLARDS;;
18068;3418;HELLY HANSEN SCARPE BORSE CAPPELLI E GUANTI;HELLY HANSEN SHOES BAGS CAPS AND GLOVES;;
18029;3418;HELLY HANSEN SAILING TECH WEAR;HELLY HANSEN SAILING TECH WEAR;;
18033;3418;HELLY HANSEN SAILING MODA;HELLY HANSEN SAILING FASHION;;
18093;3643;BOZZELLI MASTER;MASTER BLOCKS;;
18217;1611;SCARICHI POZZETTO E PER SERVIZI;BATH AND DECK DRAINS;;
18262;14763;ALTOPARLANTI E WOOFER MARINI FUSION;FUSION MARINE SPEAKERS;;
18275;2887;STRUMENTAZIONE ECMS ALL BLACK;ECMS ALL BLACK GAUGES;;
18278;2887;STRUMENTAZIONE ECMS BLACK CHROME;ECMS BLACK CHROME GAUGES;;
18281;2887;STRUMENTAZIONE ECMS WHITE CHROME;ECMS WHITE CHROME GAUGES;;
18338;3159;SUB E FISHWATCHING;DIVING AND FISHWATCHING;;
18345;18338;SUB;DIVING;;
18346;18338;FISHWATCHING;FISHWATCHING;;
18379;3742;TENDISTRALLI VANGS E AVVOLGIFIOCCO;STAY ADJUSTERS VANGS AND FORESAIL FURLERS;;
18383;3826;SACCHE PORTACIME NAVISHELL;NAVISHELL HALYARD BAGS;;
18404;3826;TRECCE PER USI VARI;MULTIPURPOSE BRAID LINES;;
18415;3871;RIPARAZIONI VELE;SAIL REPAIRS;;
18449;5956;RETI PORTAOGGETTI E RETI PER BATTAGLIOLA;STORAGE NETS AND LIFELINE NETTING;;
18490;4221;FILTRI OLIO/CARBURANTE OEM;OEM OIL/FUEL FILTERS ;;
18491;18490;FILTRI OLIO/GASOLIO SACS PER MOTORI YANMAR;SACS OIL/DIESEL FILTERS FOR YANMAR ENGINES;;
18508;18490;FILTRI OLIO/BENZINA SACS PER MERCURY/MERCRUISER;SACS OIL/GASOLINE FILTERS FOR MERCURY/MERCRUISER ENGINES;;
18503;18490;FILTRI OLIO/GASOLIO SACS PER MOTORI VOLVO PENTA;SACS OIL/DIESEL FILTERS FOR VOLVO PENTA ENGINES;;
18517;4222;BOCCHETTONI E RACCORDI DI SCARICO;EXHAUST PIPES AND FITTINGS;;
18552;5068;TIMONI PER SCAFI DA 5 A 12 METRI;RUDDERS FOR BOATS FROM 5 TO 12 METERS;;
18569;5956;SACCHE PORTAOGGETTI NAVISHELL;NAVISHELL HOLDERS AND BAGS;;
18575;5956;PORTA BICCHIERI E PORTA BOTTIGLIE;GLASSES AND BOTTLES HOLDERS;;
18591;16860;POSACENERE;ASHTRAYS;;
18689;2887;STRUMENTAZIONE UFLEX;UFLEX GAUGES;;
18694;1611;RACCORDERIA IN PP FILETTATA TECH HIDRAULICO;PP THREADED TECH HIDRAULICO PIPE FITTINGS;;
18789;3065;TRANSPONDER AIS;AIS TRANSPONDERS;;
18832;3263;TAVOLE SUP;BODYBOARDS WAKEBOARDS AND SUP;;
18860;2791;BUSSOLE A MONTAGGIO SOFFITTO;CEILING MOUNT COMPASSES ;;
18888;3418;HELLY HANSEN WORKWEAR;HELLY HANSEN WORKWEAR;;
19124;3160;CINTURE DI SALVATAGGIO AUTOGONFIABILI HELLY HANSEN;HELLY HANSEN INFLATABLE LIFEJACKETS;;
18960;2;DISTRIBUZIONI;DISTRIBUTION;Categoria_SPX;
18982;18960;POMPE AUTOCLAVI E POMPE LAVAGGIO COPERTA;WATER PRESSURE SYSTEMS AND WASH DOWN PUMPS;;
18983;18982;POMPE AUTOCLAVI AQUA JET;AQUA JET WATER PRESSURE SYSTEMS;;
18987;18982;POMPE LAVAGGIO COPERTA AQUA JET WASH DOWN;AQUA JET WASH DOWN PUMP SYSTEMS;;
18995;18982;FILTRI E RACCORDI;STRAINERS AND CONNECTORS;;
19000;18982;ACCESSORI PER POMPE AUTOCLAVI E LAVAGGIO COPERTA;WATER PRESSURE SYSTEMS AND WASH DOWN PUMPS ACCESSORIES;;
19006;18960;POMPE DI SENTINA;BILGE PUMPS;;
19007;19006;POMPE DI SENTINA SOMMERGIBILI HD;HD SUBMERSIBLE BILGE PUMPS;;
19008;19006;POMPE DI SENTINA SOMMERGIBILI CARTRIDGE;SUBMERSIBLE CARTRIDGE BILGE PUMPS;;
19009;19006;POMPE DI SENTINA MANUALI;MANUAL BILGE PUMPS;;
19010;19006;INTERRUTTORI PER POMPE DI SENTINA;BILGE PUMP SWITCHES;;
19022;19006;ACCESSORI E RICAMBI PER POMPE DI SENTINA;BILGE PUMPS ACCESSORIES AND SPARE PARTS;;
19036;18960;POMPE E ACCESSORI PER VASCHE DEL PESCATO;FISHING LIVEWELL PUMPS AND ACCESSORIES;;
19037;19036;POMPE DI RICIRCOLO;CIRCULATION  PUMPS;;
19042;19036;KIT DI OSSIGENAZIONE PER VASCHE DEL PESCATO;FISHING LIVEWELL PUMPS AND ACCESSORIES;;
19046;18960;POMPE AUTOADESCANTI 12/24V (DC) CON GIRANTE FLESSIBILE (FIP);FLEXIBLE IMPELLER PUMPS (FIP) DC 12/24V;;
19047;19046;POMPE CON GIRANTE FLESSIBILE 12/24V DC;DC DRIVEN FLEXIBLE IMPELLER PUMPS 12/24V;;
19052;19046;RICAMBI E ACCESSORI PER POMPE FIP;FIP PUMPS ACCESSORIES AND SPARE PARTS;;
19057;18960;POMPE AUTOADESCANTI 400V TRIFASE CON GIRANTE FLESSIBILE (FIP);FLEXIBLE IMPELLER PUMPS (FIP) AC 400V;;
19058;19057;POMPE CON GIRANTE FLESSIBILE (FIP) AC;FLEXIBLE IMPELLER PUMPS (FIP) AC;;
19060;18960;POMPE DI RICIRCOLO;CIRCULATION PUMPS;;
19061;19060;POMPE DI RICIRCOLO A CORRENTE CONTINUA (DC);DC DRIVEN CIRCULATION PUMPS;;
19068;18960;POMPE PER ACQUE NERE E GRIGIE - TOILET WC NAUTICI;WASTE WATER HANDLING AND MARINE TOILETS;;
19069;19068;POMPE ACQUE NERE;WASTE WATER PUMPS SOLUTIONS;;
19077;19068;TOILET WC NAUTICI;MARINE TOILETS;;
19082;19068;ACCESSORI GESTIONE ACQUE NERE E TOILET NAUTICI;WASTE WATER HANDLING AND MARINE TOILETS ACCESSORIES;;
19094;18960;ASPIRATORI RADIALI AIRV E SCALDA ACQUA DI BORDO;RADIAL BLOWERS AND MARINE WATER HEATERS;;
19095;19094;ASPIRATORI RADIALI EXTRA HEAVY DUTY;EXTRA HEAVY DUTY RADIAL BLOWERS;;
19096;19094;SCALDA ACQUA DI BORDO;MARINE WATER HEATERS;;
19101;18960;POMPE CON GIRANTE FLESSIBILE E GIRANTI;FLEXIBLE IMPELLER PUMPS AND IMPELLERS;;
19102;19101;POMPE A GIRANTE HEAVY DUTY;HEAVY DUTY IMPELLER PUMPS;;
19103;19101;POMPE A GIRANTE EXTRA HEAVY DUTY;EXTRA HEAVY DUTY IMPELLER PUMPS;;
19104;19101;POMPE A FRIZIONE;CLUTCH PUMPS;;
19105;19101;ACCESSORI PER POMPE A GIRANTE E GIRANTI;IMPELLER PUMPS AND IMPELLERS ACCESSORIES;;
19106;19101;GIRANTI ORIGINALI SPX FLOW JOHNSON PUMP;SPX FLOW JOHNSON PUMP ORIGINAL IMPELLERS;;
19181;16860;SERVIZIO DA TAVOLO HARMONY;HARMONY TABLEWARE;SERVIZIO DA TAVOLO HARMONY NEW;HARMONY TABLEWARE NEW
19200;16860;SERVIZIO DA TAVOLO WELCOME ON BOARD;WELCOME ON BOARD TABLEWARE;SERVIZIO DA TAVOLA WELCOME ON BOARD;WELCOME ON BOARD TABLEWARE
19246;5957;BICCHIERI MAGNETICI SILWY;SILWY MAGNETIC GLASSES;BICCHIERI MAGNETICI SILWY;SILWY MAGNETIC DRINKWARE
19367;14636;KIT ANODI TECNOSEAL;TECNOSEAL ANODES KIT;;
19412;3418;HELLY HANSEN END SERIES;HELLY HANSEN END SERIES;;
19440;1611;SCARICHI E PRESE A MARE;DRAIN PLUGS AND INTAKE STRAINERS;;
19727;19725;VITI METRICHE DADI E RONDELLE IN BLISTER;SCREWS DICES AND WASHERS IN BLISTER PACKS;;
19726;19725;VITI PER LEGNO E AUTOFILETTANTI IN BLISTER;SCREWS IN BLISTER PACKS;;
19503;14448;PROLUNGHE E CAVI BANCHINA;SHORE EXTENSION AND OTHER CABLES;;
19584;3160;ACCESSORI PER ZATTERE DI SALVATAGGIO;LIFERAFTS ACCESSORIES;;
19618;3514;GRILLI IN ACCIAIO INOX;STAINLESS STEEL SHACKLES;;
19629;3514;MOSCHETTONI IN ACCIAIO INOX AISI 316;316 STAINLESS STEEL SNAP HOOKS;;
19657;3946;COPERTURE E TASCHE PER WINCH E MANOVELLE;WINCH AND HANDLES COVERS AND POCKETS;;
19664;2551;LUCI DI UTILITA' E CORTESIA IMPERMEABILI;WATERTIGHT UTILIY AND COURTESY LIGHTS;;
19677;2551;LUCI DI CORTESIA IMPERMEABILI STARLIGHT;STARLIGHT WATERTIGHT COURTESY LIGHTS;;
19699;18490;CARTUCCE FILTRI BENZINA;GASOLINE FILTER CARTRIDGES;;
19715;19713;DISPOSITIVI DI PROTEZIONE INDIVIDUALE ;PERSONAL PROTECTION EQUIPMENT;;
19755;3579;PULPITI E CANDELIERI;AMBOS AND STANCHIONS;;
19764;2469;FARETTI SUB E LUCI SOTTOPLANCIA;UNDERWATER SPOTLIGHTS AND UNDER PLATFORM LIGHTS;;
19833;16860;CUSCINI NAVISHELL;NAVISHELL CUSHIONS;;
19862;3159;BOE DA SEGNALAZIONE PER REGATA;REGATTA MARKING BUOYS;;
19863;19862;BOE DA REGATA;REGATTA BUOYS;;
